Resultado,ATT,Erro padrao,IC 95% inferior,IC 95% superior
MDIP de PM em servico,-0.140998518740397,0.347747847923447,-0.822584300670354,0.540587263189559
