Resultado,ATT,Erro padrao,IC 95% inferior,IC 95% superior
MDIP de PM em servico,-0.140998518740397,0.338382374701375,-0.804227973155092,0.522230935674298
